,Away 0,Away 1,Away 2,Away 3,Away 4,Away 5,Away 6
Home 0,0.020688406290880177,0.03565928938864438,0.03073182394584988,0.017656829757979203,0.007608488459347402,0.002622853476167759,0.0007534742713354652
Home 1,0.04457411173580547,0.07682955986462471,0.06621311159242202,0.03804244229673701,0.016392834226048494,0.005651057035015991,0.0016233945664227752
Home 2,0.04801847491539044,0.08276638949052753,0.07132957930638191,0.04098208556512124,0.01765955323442497,0.006087729624085408,0.0017488386920099898
Home 3,0.034485995621053145,0.0594413160886516,0.05122760695640156,0.029432588724041624,0.012682770050177936,0.004372096730024976,0.0012559841515344475
Home 4,0.018575411277703624,0.032017254347750976,0.027593051928789022,0.01585346256272242,0.006831401140664025,0.0023549702841270895,0.0006765187361674183
Home 5,0.008004313586937744,0.013796525964394513,0.011890096922041815,0.0068314011406640255,0.002943712855158862,0.0010147781042511277,0.00029151807358486937
Home 6,0.0028742762425821903,0.004954207050850757,0.004269625712915016,0.0024530940459657185,0.0010570605252615915,0.0003643975919810868,0.00010468149006002127
Home 7,0.000884679830509064,0.0015248663260410775,0.0013141575246244921,0.0007550432323297083,0.0003253549928402561,0.00011215873935002283,3.222014694055201e-05
