,Away 0,Away 1,Away 2,Away 3,Away 4,Away 5,Away 6
Home 0,0.044237527211765874,0.059036990860793004,0.039393773901656416,0.01752426063261564,0.005846730592881764,0.0015605455473364418,0.00034710316113483277
Home 1,0.07890366217225878,0.10530052369897808,0.07026416763186355,0.031256908510174444,0.010428441293849112,0.00278344578534009,0.0006191058201332199
Home 2,0.07036772053725987,0.09390892158972498,0.06266286222441649,0.027875479316801028,0.009300273553878162,0.0024823275594714803,0.0005521298268642624
Home 3,0.04183680839215269,0.0558331224724365,0.03725591990433489,0.016573239521079884,0.005529435367487561,0.0014758565671766802,0.000328266278881116
Home 4,0.01865541319668263,0.024896496884300092,0.016612753375523877,0.0073901581682633485,0.0024656254979569534,0.0006580978601819651,0.00014637691799198856
Home 5,0.006654894671252968,0.008881259433999415,0.005926222204141427,0.002636270968387762,0.0008795558594530079,0.00023476145485036646,5.221663874550574e-05
Home 6,0.0019783186886361097,0.0026401562135616443,0.001761704237049315,0.0007836914606025437,0.00026146796912830325,6.978817794188166e-05,1.5522582608891254e-05
Home 7,0.0005040858788446814,0.0006727255183127203,0.00044889139131048785,0.0001996886552859988,6.662339680905597e-05,1.7782390275580757e-05,3.955234685538264e-06
