,Away 0,Away 1,Away 2,Away 3,Away 4,Away 5,Away 6
Home 0,0.027949680185047735,0.03548762423495455,0.022529264476433268,0.009535112945076304,0.0030266760030204323,0.000768592269857916,0.00016264654599518528
Home 1,0.06449815081066064,0.08189310663535397,0.05198971466698987,0.022003727722695716,0.006984516602885988,0.0017736439130965028,0.0003753317169633509
Home 2,0.07441966116342556,0.09449041826507672,0.05998709886828355,0.025388479217990718,0.008058918782074325,0.0020464769513267532,0.000433067597275712
Home 3,0.05724490700451391,0.07268368495421615,0.046143127266388737,0.01952926295415847,0.006199061498327574,0.0015741859198783357,0.00033312318203486
Home 4,0.03302533893656677,0.04193217277097418,0.026620576350057847,0.011266688374418424,0.0035763200218797875,0.0009081685388894734,0.0001921831403003482
Home 5,0.015242201536484085,0.01935297710238434,0.012286208190756119,0.005199920436289712,0.0016505808051555978,0.0004191474893092094,8.869838283866605e-05
Home 6,0.005862284212662538,0.007443324500320011,0.004725383281263765,0.001999934944292442,0.0006348278345897979,0.00016120779557159113,3.4114174921462974e-05
Home 7,0.0019325878749642542,0.0024538009685152198,0.001557791826981632,0.0006593078540457616,0.00020928029609482883,5.314451155377775e-05,1.1246237545976203e-05
